{
    "title": "Sam Helper Configuration",
    "comment": "",
    "pages": [
        {
            "page_name": "SAM_gov",
            "progress": "3"
        },
        {
            "page_name": "Create_an_AccountChoose_Account_Type_",
            "progress": "6"
        },
        {
            "page_name": "Personal_Information______",
            "progress": "16",
            "form_fields": [
                {
                    "token": "Title",
                    "required": "false",
                    "quickHintMode": "disable",
                    "focus": "Choose a value",
                    "unfocused": "Oops, your title is invalid",
                    "validator": {
                        "type": "none",
                        "rules": null
                    }
                },
                {
                    "token": "First Name",
                    "required": "true",
                    "quickHintMode": "direct",
                    "quickHint": "Your legal first or given name",
                    "focus": "Enter your name",
                    "unfocused": "don't you know your own name?",
                    "validator": {
                        "type": "alpha-string",
                        "rules": {
                            "type": "alpha-string",
                            "length": "14"
                        }
                    }
                },
                {
                    "token": "Middle Initial",
                    "required": "false",
                    "quickHintMode": "direct",
                    "quickHint": "Your middle initial",
                    "focus": "enter your initial",
                    "unfocused": "one letter only please",
                    "validator": {
                        "type": "none",
                        "rules": null
                    }
                },
                {
                    "token": "Last Name",
                    "required": "true",
                    "quickHintMode": "direct",
                    "quickHint": "Your legal last or family name",
                    "focus": "please enter your family name",
                    "unfocused": "Oops, your name is invalid",
                    "validator": {
                        "type": "alpha-string",
                        "rules": {
                            "type": "alpha-string",
                            "length": "14"
                        }
                    }
                },
                {
                    "token": "Suffix",
                    "required": "false",
                    "quickHintMode": "disable",
                    "focus": "Enter a suffix if desired",
                    "unfocused": "",
                    "validator": {
                        "type": "none",
                        "rules": null
                    }
                },
                {
                    "token": "Email Address",
                    "required": "true",
                    "quickHintMode": "html",
                    "focus": "please enter your email address",
                    "unfocused": "this is not a valid email",
                    "validator": {
                        "type": "email"
                    }
                },
                {
                    "token": "Confirm Email Address",
                    "required": "true",
                    "quickHintMode": "direct",
                    "quickHint": "Confirm your contact email address",
                    "focus": "Please confirm your email address",
                    "unfocused": "this is not a match",
                    "validator": {
                        "type": "confirm",
                        "rules": {
                            "type": "confirm",
                            "matchField": "Email Address"
                        }
                    }
                },
                {
                    "token": "Phone",
                    "required": "true",
                    "quickHintMode": "direct",
                    "quickHint": "Your primary phone number",
                    "focus": "Enter your phone number",
                    "unfocused": "Oops, your name is invalid",
                    "validator": {
                        "type": "us-phone",
                        "rules": {
                            "type": "us-phone"
                        }
                    }
                },
                {
                    "token": "Phone Extension",
                    "required": "false",
                    "quickHintMode": "direct",
                    "quickHint": "extension",
                    "focus": "Enter any necessary extension",
                    "unfocused": "",
                    "validator": {
                        "type": "none",
                        "rules": null
                    }
                },
                {
                    "token": "Fax",
                    "required": "false",
                    "quickHintMode": "direct",
                    "quickHint": "Fax number",
                    "focus": "Enter your fax number",
                    "unfocused": "",
                    "validator": {
                        "type": "us-phone",
                        "rules": {
                            "type": "us-phone"
                        }
                    }
                }
            ]
        },
        {
            "page_name": "Personal_Information__Duplicate_Email_Address_",
            "progress": "16"
        },
        {
            "page_name": "Account_Information",
            "progress": "20"
        },
        {
            "page_name": "Summary",
            "progress": "22"
        },
        {
            "page_name": "Create_Account__Personal_Account_Created_Confirmation",
            "progress": "24"
        }
    ]
}
